DROP DATABASE IF EXISTS empresa_ventas;

CREATE DATABASE IF NOT EXISTS empresa_ventas;

USE empresa_ventas;

--
-- Table structure for table departamentos
--

DROP TABLE IF EXISTS departamentos;

CREATE TABLE departamentos (
  IdDepartamento double DEFAULT NULL,
  NombreDepartamento varchar(14) DEFAULT NULL,
  LOCALIDAD varchar(10) DEFAULT NULL,
  UNIQUE KEY PK_DEPARTAMENTOS_IdDepartamento (IdDepartamento)
) ;


LOCK TABLES departamentos WRITE;
/*!40000 ALTER TABLE departamentos DISABLE KEYS */;
INSERT INTO departamentos VALUES (10,'CONTABILIDAD','BARCELONA'),(20,'INVESTIGACION','VALENCIA'),(30,'VENTAS','MADRID'),(40,'PRODUCCION','SEVILLA');
/*!40000 ALTER TABLE departamentos ENABLE KEYS */;
UNLOCK TABLES;

--
-- Table structure for table empleados
--

DROP TABLE IF EXISTS empleados;

CREATE TABLE empleados (
  IdEmpleado double DEFAULT NULL,
  APELLIDO varchar(8) DEFAULT NULL,
  OFICIO varchar(10) DEFAULT NULL,
  IdJefe double DEFAULT NULL,
  FECHA_ALTA datetime DEFAULT NULL,
  SALARIO double DEFAULT NULL,
  COMISION double DEFAULT NULL,
  IdDepartamento double DEFAULT NULL,
  TELEFONO varchar(15) DEFAULT NULL,
  UNIQUE KEY PK_EMPLEADOS_IdEmpleado (IdEmpleado),
  KEY INDICE_DE_2 (OFICIO,APELLIDO),
  KEY INDICE_DE_3 (SALARIO,COMISION,FECHA_ALTA),
  KEY FK_EMP_IdJefe (IdJefe),
  KEY FK_EMP_IdDepartamento (IdDepartamento),
  CONSTRAINT FK_EMP_IdDepartamento FOREIGN KEY (IdDepartamento) REFERENCES departamentos (IdDepartamento),
  CONSTRAINT FK_EMP_IdJefe FOREIGN KEY (IdJefe) REFERENCES empleados (IdEmpleado)
);

--
-- Dumping data for table empleados
--

LOCK TABLES empleados WRITE;
/*!40000 ALTER TABLE empleados DISABLE KEYS */;
INSERT INTO empleados VALUES (7839,'REY','PRESIDENTE',NULL,'1981-11-17 00:00:00',600000,NULL,10,NULL),(7698,'GARRIDO','IdJefe',7839,'1981-05-01 00:00:00',385000,NULL,30,NULL),(7782,'MARTINEZ','IdJefe',7839,'1981-06-09 00:00:00',245000,NULL,10,NULL),(7499,'ALONSO','VENDEDOR',7698,'1981-02-20 00:00:00',140000,40000,30,NULL),(7521,'LOPEZ','EMPLEADO',7782,'1981-05-08 00:00:00',135000,NULL,10,NULL),(7654,'MARTIN','VENDEDOR',7698,'1981-09-28 00:00:00',150000,160000,30,NULL),(7844,'CALVO','VENDEDOR',7698,'1981-09-08 00:00:00',180000,0,30,NULL),(7876,'GIL','ANALISTA',7782,'1982-05-06 00:00:00',335000,NULL,20,NULL),(7900,'JIMENEZ','EMPLEADO',7782,'1983-03-24 00:00:00',140000,NULL,20,NULL),(8998,'CORTES','VENDEDOR',7698,'1999-02-20 00:00:00',180000,NULL,30,NULL),(1000,'TOUCEDA','VENDEDOR',7698,'2007-02-06 00:00:00',100000,0,NULL,NULL);
/*!40000 ALTER TABLE empleados ENABLE KEYS */;
UNLOCK TABLES;

--
-- Table structure for table clientes
--

DROP TABLE IF EXISTS clientes;

CREATE TABLE clientes (
  IdCliente double DEFAULT NULL,
  NOMBRE varchar(25) DEFAULT NULL,
  LOCALIDAD varchar(14) DEFAULT NULL,
  IdVendedor double DEFAULT NULL,
  DEBE double DEFAULT NULL,
  HABER double DEFAULT NULL,
  LIMITE_CREDITO double DEFAULT NULL,
  UNIQUE KEY PK_IdCliente (IdCliente),
  KEY FK_CLI_IdEmpleado (IdVendedor),
  CONSTRAINT FK_CLI_IdEmpleado FOREIGN KEY (IdVendedor) REFERENCES empleados (IdEmpleado)
) ;

--
-- Dumping data for table clientes
--

LOCK TABLES clientes WRITE;
/*!40000 ALTER TABLE clientes DISABLE KEYS */;
INSERT INTO clientes VALUES (101,'DISTRIBUCIONES GOMEZ','MADRID',7499,0,0,500000),(102,'LOGITRONICA S.L','BARCELONA',7654,0,0,500000),(104,'TALLERES ESTESO S.A.','SEVILLA',7654,0,0,500000),(105,'EDICIONES SANZ','BARCELONA',7499,0,0,500000),(106,'SIGNOLOGIC S.A.','MADRID',7654,0,0,500000),(107,'MARTIN Y ASOCIADOS S.L.','ARAVACA',7844,0,0,1000000),(108,'MANUFACTURAS ALI S.A.','SEVILLA',7654,0,0,500000),(103,'INDUSTRIAS LACTEAS S.A.','LAS ROZAS',7844,0,0,1000000);
/*!40000 ALTER TABLE clientes ENABLE KEYS */;
UNLOCK TABLES;

--
-- Table structure for table productos
--

DROP TABLE IF EXISTS productos;
/*!40101 SET @saved_cs_client     = @@character_set_client */;
/*!40101 SET character_set_client = utf8 */;
CREATE TABLE productos (
  IdProducto double DEFAULT NULL,
  DESCRIPCION varchar(30) DEFAULT NULL,
  PRECIO_ACTUAL double DEFAULT NULL,
  STOCK_DISPONIBLE double DEFAULT NULL,
  UNIQUE KEY PK_IdProducto (IdProducto)
) ENGINE=InnoDB DEFAULT CHARSET=utf8;
/*!40101 SET character_set_client = @saved_cs_client */;

--
-- Dumping data for table productos
--

LOCK TABLES productos WRITE;
/*!40000 ALTER TABLE productos DISABLE KEYS */;
INSERT INTO productos VALUES (10,'MESA DESPACHO MOD. GAVIOTA',55000,50),(20,'SILLA IdJefe MOD. BUFALO',67000,25),(30,'ARMARIO NOGAL DOS PUERTAS',46000,20),(40,'MESA MODELO UNIÓN',34000,15),(50,'ARCHIVADOR CEREZO',105000,20),(60,'CAJA SEGURIDAD MOD B222',28000,15),(70,'DESTRUCTORA DE PAPEL A3',45000,25),(80,'MODULO ORDENADOR MOD. ERGOS',55000,25);
/*!40000 ALTER TABLE productos ENABLE KEYS */;
UNLOCK TABLES;
--
-- Table structure for table pedidos
--

DROP TABLE IF EXISTS pedidos;

CREATE TABLE pedidos (
  IdPedido double DEFAULT NULL,
  IdProducto double DEFAULT NULL,
  IdCliente double DEFAULT NULL,
  unidadesPedidas double DEFAULT NULL,
  FECHA_PEDIDO datetime DEFAULT NULL,
  UNIQUE KEY PK_IdPedido (IdPedido),
  KEY FK_PEDIDOS_IdCliente (IdCliente),
  KEY FK_PEDIDOS_IdProducto (IdProducto),
  CONSTRAINT FK_PEDIDOS_IdCliente FOREIGN KEY (IdCliente) REFERENCES clientes (IdCliente),
  CONSTRAINT FK_PEDIDOS_IdProducto FOREIGN KEY (IdProducto) REFERENCES productos (IdProducto)
);

--
-- Dumping data for table pedidos
--

LOCK TABLES pedidos WRITE;
/*!40000 ALTER TABLE pedidos DISABLE KEYS */;
INSERT INTO pedidos VALUES (1000,20,103,3,'1999-10-06 00:00:00'),(1001,50,106,2,'1999-10-06 00:00:00'),(1002,10,101,4,'1999-10-07 00:00:00'),(1003,20,105,4,'1999-10-16 00:00:00'),(1004,40,106,8,'1999-10-20 00:00:00'),(1005,30,105,2,'1999-10-20 00:00:00'),(1006,70,103,3,'1999-11-03 00:00:00'),(1007,50,101,2,'1999-11-06 00:00:00'),(1008,10,106,6,'1999-11-16 00:00:00'),(1009,20,105,2,'1999-11-26 00:00:00'),(1010,40,102,3,'1999-12-08 00:00:00'),(1011,30,106,2,'1999-12-15 00:00:00'),(1012,10,105,3,'1999-12-06 00:00:00'),(1013,30,106,2,'1999-12-06 00:00:00'),(1014,20,101,4,'2000-01-07 00:00:00'),(1015,70,105,4,'2000-01-16 00:00:00'),(1016,30,106,7,'2000-01-18 00:00:00'),(1017,20,105,6,'2000-01-20 00:00:00');
/*!40000 ALTER TABLE pedidos ENABLE KEYS */;
UNLOCK TABLES;

